{"metadata":{"kernel_spec":{"name":"SQL","language":"sql","display_name":"SQL"},"language_info":{"name":"sql","version":""}},"nbformat":4,"nbformat_minor":2,"cells":[{"cell_type":"markdown","source":["# [dbo].[Ilaclar]"],"metadata":{"urn":"Server[@Name='ultramegapc\\SQLEXPRESS']/Database[@Name='VetKlinikDB']/Table[@Name='Ilaclar' and @Schema='dbo']","object_type":"Table"}},{"outputs":[],"execution_count":0,"cell_type":"code","source":["USE [VetKlinikDB]\r\n","GO\r\n"],"metadata":{"urn":"Server[@Name='ultramegapc\\SQLEXPRESS']/Database[@Name='VetKlinikDB']/Table[@Name='Ilaclar' and @Schema='dbo']","object_type":"Table"}},{"outputs":[],"execution_count":0,"cell_type":"code","source":["/****** Object:  Table [dbo].[Ilaclar]    Script Date: 9.05.2026 12:59:30 ÖÖ ******/\r\nSET ANSI_NULLS ON\r\n","GO\r\n","SET QUOTED_IDENTIFIER ON\r\n","GO\r\n","CREATE TABLE [dbo].[Ilaclar](\r\n\t[IlacID] [int] IDENTITY(1,1) NOT NULL,\r\n\t[IlacAdi] [nvarchar](100) NOT NULL,\r\n\t[BirimFiyat] [decimal](10, 2) NOT NULL,\r\n\t[StokMiktari] [int] NOT NULL,\r\n\t[MinimumStokEsigi] [int] NULL,\r\nPRIMARY KEY CLUSTERED \r\n(\r\n\t[IlacID] ASC\r\n)WITH (PAD_INDEX = OFF, STATISTICS_NORECOMPUTE = OFF, IGNORE_DUP_KEY = OFF, ALLOW_ROW_LOCKS = ON, ALLOW_PAGE_LOCKS = ON, OPTIMIZE_FOR_SEQUENTIAL_KEY = OFF) ON [PRIMARY]\r\n) ON [PRIMARY]\r\nGO\r\n"],"metadata":{"urn":"Server[@Name='ultramegapc\\SQLEXPRESS']/Database[@Name='VetKlinikDB']/Table[@Name='Ilaclar' and @Schema='dbo']","object_type":"Table"}},{"cell_type":"markdown","source":["# [dbo].[Muayeneler]"],"metadata":{"urn":"Server[@Name='ultramegapc\\SQLEXPRESS']/Database[@Name='VetKlinikDB']/Table[@Name='Muayeneler' and @Schema='dbo']","object_type":"Table"}},{"outputs":[],"execution_count":0,"cell_type":"code","source":["/****** Object:  Table [dbo].[Muayeneler]    Script Date: 9.05.2026 12:59:30 ÖÖ ******/\r\nSET ANSI_NULLS ON\r\n","GO\r\n","SET QUOTED_IDENTIFIER ON\r\n","GO\r\n","CREATE TABLE [dbo].[Muayeneler](\r\n\t[MuayeneID] [int] IDENTITY(1,1) NOT NULL,\r\n\t[PetID] [int] NOT NULL,\r\n\t[VeterinerID] [int] NOT NULL,\r\n\t[Teshis] [nvarchar](250) NULL,\r\n\t[MuayeneUcreti] [decimal](10, 2) NULL,\r\n\t[MuayeneTarihi] [date] NULL,\r\nPRIMARY KEY CLUSTERED \r\n(\r\n\t[MuayeneID] ASC\r\n)WITH (PAD_INDEX = OFF, STATISTICS_NORECOMPUTE = OFF, IGNORE_DUP_KEY = OFF, ALLOW_ROW_LOCKS = ON, ALLOW_PAGE_LOCKS = ON, OPTIMIZE_FOR_SEQUENTIAL_KEY = OFF) ON [PRIMARY]\r\n) ON [PRIMARY]\r\nGO\r\n"],"metadata":{"urn":"Server[@Name='ultramegapc\\SQLEXPRESS']/Database[@Name='VetKlinikDB']/Table[@Name='Muayeneler' and @Schema='dbo']","object_type":"Table"}},{"cell_type":"markdown","source":["# [dbo].[Musteriler]"],"metadata":{"urn":"Server[@Name='ultramegapc\\SQLEXPRESS']/Database[@Name='VetKlinikDB']/Table[@Name='Musteriler' and @Schema='dbo']","object_type":"Table"}},{"outputs":[],"execution_count":0,"cell_type":"code","source":["/****** Object:  Table [dbo].[Musteriler]    Script Date: 9.05.2026 12:59:30 ÖÖ ******/\r\nSET ANSI_NULLS ON\r\n","GO\r\n","SET QUOTED_IDENTIFIER ON\r\n","GO\r\n","CREATE TABLE [dbo].[Musteriler](\r\n\t[MusteriID] [int] IDENTITY(1,1) NOT NULL,\r\n\t[Ad] [nvarchar](50) NOT NULL,\r\n\t[Soyad] [nvarchar](50) NOT NULL,\r\n\t[Telefon] [nvarchar](15) NOT NULL,\r\n\t[Email] [nvarchar](100) NULL,\r\n\t[Adres] [nvarchar](255) NULL,\r\n\t[KayitTarihi] [datetime] NULL,\r\nPRIMARY KEY CLUSTERED \r\n(\r\n\t[MusteriID] ASC\r\n)WITH (PAD_INDEX = OFF, STATISTICS_NORECOMPUTE = OFF, IGNORE_DUP_KEY = OFF, ALLOW_ROW_LOCKS = ON, ALLOW_PAGE_LOCKS = ON, OPTIMIZE_FOR_SEQUENTIAL_KEY = OFF) ON [PRIMARY]\r\n) ON [PRIMARY]\r\nGO\r\n"],"metadata":{"urn":"Server[@Name='ultramegapc\\SQLEXPRESS']/Database[@Name='VetKlinikDB']/Table[@Name='Musteriler' and @Schema='dbo']","object_type":"Table"}},{"cell_type":"markdown","source":["# [dbo].[Petler]"],"metadata":{"urn":"Server[@Name='ultramegapc\\SQLEXPRESS']/Database[@Name='VetKlinikDB']/Table[@Name='Petler' and @Schema='dbo']","object_type":"Table"}},{"outputs":[],"execution_count":0,"cell_type":"code","source":["/****** Object:  Table [dbo].[Petler]    Script Date: 9.05.2026 12:59:30 ÖÖ ******/\r\nSET ANSI_NULLS ON\r\n","GO\r\n","SET QUOTED_IDENTIFIER ON\r\n","GO\r\n","CREATE TABLE [dbo].[Petler](\r\n\t[PetID] [int] IDENTITY(1,1) NOT NULL,\r\n\t[MusteriID] [int] NOT NULL,\r\n\t[Ad] [nvarchar](50) NOT NULL,\r\n\t[Tur] [nvarchar](30) NOT NULL,\r\n\t[Cins] [nvarchar](50) NULL,\r\n\t[Kilo] [decimal](5, 2) NULL,\r\nPRIMARY KEY CLUSTERED \r\n(\r\n\t[PetID] ASC\r\n)WITH (PAD_INDEX = OFF, STATISTICS_NORECOMPUTE = OFF, IGNORE_DUP_KEY = OFF, ALLOW_ROW_LOCKS = ON, ALLOW_PAGE_LOCKS = ON, OPTIMIZE_FOR_SEQUENTIAL_KEY = OFF) ON [PRIMARY]\r\n) ON [PRIMARY]\r\nGO\r\n"],"metadata":{"urn":"Server[@Name='ultramegapc\\SQLEXPRESS']/Database[@Name='VetKlinikDB']/Table[@Name='Petler' and @Schema='dbo']","object_type":"Table"}},{"cell_type":"markdown","source":["# [dbo].[Randevular]"],"metadata":{"urn":"Server[@Name='ultramegapc\\SQLEXPRESS']/Database[@Name='VetKlinikDB']/Table[@Name='Randevular' and @Schema='dbo']","object_type":"Table"}},{"outputs":[],"execution_count":0,"cell_type":"code","source":["/****** Object:  Table [dbo].[Randevular]    Script Date: 9.05.2026 12:59:30 ÖÖ ******/\r\nSET ANSI_NULLS ON\r\n","GO\r\n","SET QUOTED_IDENTIFIER ON\r\n","GO\r\n","CREATE TABLE [dbo].[Randevular](\r\n\t[RandevuID] [int] IDENTITY(1,1) NOT NULL,\r\n\t[PetID] [int] NOT NULL,\r\n\t[VeterinerID] [int] NOT NULL,\r\n\t[RandevuTarihi] [datetime] NULL,\r\n\t[Durum] [nvarchar](20) NULL,\r\nPRIMARY KEY CLUSTERED \r\n(\r\n\t[RandevuID] ASC\r\n)WITH (PAD_INDEX = OFF, STATISTICS_NORECOMPUTE = OFF, IGNORE_DUP_KEY = OFF, ALLOW_ROW_LOCKS = ON, ALLOW_PAGE_LOCKS = ON, OPTIMIZE_FOR_SEQUENTIAL_KEY = OFF) ON [PRIMARY]\r\n) ON [PRIMARY]\r\nGO\r\n"],"metadata":{"urn":"Server[@Name='ultramegapc\\SQLEXPRESS']/Database[@Name='VetKlinikDB']/Table[@Name='Randevular' and @Schema='dbo']","object_type":"Table"}},{"cell_type":"markdown","source":["# [dbo].[Veterinerler]"],"metadata":{"urn":"Server[@Name='ultramegapc\\SQLEXPRESS']/Database[@Name='VetKlinikDB']/Table[@Name='Veterinerler' and @Schema='dbo']","object_type":"Table"}},{"outputs":[],"execution_count":0,"cell_type":"code","source":["/****** Object:  Table [dbo].[Veterinerler]    Script Date: 9.05.2026 12:59:30 ÖÖ ******/\r\nSET ANSI_NULLS ON\r\n","GO\r\n","SET QUOTED_IDENTIFIER ON\r\n","GO\r\n","CREATE TABLE [dbo].[Veterinerler](\r\n\t[VeterinerID] [int] IDENTITY(1,1) NOT NULL,\r\n\t[Ad] [nvarchar](50) NOT NULL,\r\n\t[Soyad] [nvarchar](50) NOT NULL,\r\n\t[Uzmanlik] [nvarchar](100) NULL,\r\n\t[Telefon] [nvarchar](15) NULL,\r\nPRIMARY KEY CLUSTERED \r\n(\r\n\t[VeterinerID] ASC\r\n)WITH (PAD_INDEX = OFF, STATISTICS_NORECOMPUTE = OFF, IGNORE_DUP_KEY = OFF, ALLOW_ROW_LOCKS = ON, ALLOW_PAGE_LOCKS = ON, OPTIMIZE_FOR_SEQUENTIAL_KEY = OFF) ON [PRIMARY]\r\n) ON [PRIMARY]\r\nGO\r\n"],"metadata":{"urn":"Server[@Name='ultramegapc\\SQLEXPRESS']/Database[@Name='VetKlinikDB']/Table[@Name='Veterinerler' and @Schema='dbo']","object_type":"Table"}},{"cell_type":"markdown","source":["# [dbo].[Ilaclar]"],"metadata":{"urn":"Server[@Name='ultramegapc\\SQLEXPRESS']/Database[@Name='VetKlinikDB']/Table[@Name='Ilaclar' and @Schema='dbo']","object_type":"Table"}},{"outputs":[],"execution_count":0,"cell_type":"code","source":["SET IDENTITY_INSERT [dbo].[Ilaclar] ON \r\n","INSERT [dbo].[Ilaclar] ([IlacID], [IlacAdi], [BirimFiyat], [StokMiktari], [MinimumStokEsigi]) VALUES (1, N'Vitamin', CAST(50.00 AS Decimal(10, 2)), 3, 10)\r\n","INSERT [dbo].[Ilaclar] ([IlacID], [IlacAdi], [BirimFiyat], [StokMiktari], [MinimumStokEsigi]) VALUES (2, N'Meloxon', CAST(30.00 AS Decimal(10, 2)), 6, 10)\r\n","INSERT [dbo].[Ilaclar] ([IlacID], [IlacAdi], [BirimFiyat], [StokMiktari], [MinimumStokEsigi]) VALUES (3, N'Amoxipen 250mg', CAST(45.00 AS Decimal(10, 2)), 80, 15)\r\n","INSERT [dbo].[Ilaclar] ([IlacID], [IlacAdi], [BirimFiyat], [StokMiktari], [MinimumStokEsigi]) VALUES (4, N'Rimadyl', CAST(95.00 AS Decimal(10, 2)), 30, 10)\r\n","INSERT [dbo].[Ilaclar] ([IlacID], [IlacAdi], [BirimFiyat], [StokMiktari], [MinimumStokEsigi]) VALUES (5, N'Frontline Spot', CAST(120.00 AS Decimal(10, 2)), 55, 20)\r\n","INSERT [dbo].[Ilaclar] ([IlacID], [IlacAdi], [BirimFiyat], [StokMiktari], [MinimumStokEsigi]) VALUES (6, N'Dexametazon', CAST(28.00 AS Decimal(10, 2)), 7, 10)\r\n","INSERT [dbo].[Ilaclar] ([IlacID], [IlacAdi], [BirimFiyat], [StokMiktari], [MinimumStokEsigi]) VALUES (7, N'Enrovet 50mg', CAST(62.00 AS Decimal(10, 2)), 22, 20)\r\n","SET IDENTITY_INSERT [dbo].[Ilaclar] OFF\r\n","GO\r\n"],"metadata":{"urn":"Server[@Name='ultramegapc\\SQLEXPRESS']/Database[@Name='VetKlinikDB']/Table[@Name='Ilaclar' and @Schema='dbo']","object_type":"Table"}},{"cell_type":"markdown","source":["# [dbo].[Muayeneler]"],"metadata":{"urn":"Server[@Name='ultramegapc\\SQLEXPRESS']/Database[@Name='VetKlinikDB']/Table[@Name='Muayeneler' and @Schema='dbo']","object_type":"Table"}},{"outputs":[],"execution_count":0,"cell_type":"code","source":["SET IDENTITY_INSERT [dbo].[Muayeneler] ON \r\n","INSERT [dbo].[Muayeneler] ([MuayeneID], [PetID], [VeterinerID], [Teshis], [MuayeneUcreti], [MuayeneTarihi]) VALUES (1, 1, 1, N'Kulak İltihabı', CAST(350.00 AS Decimal(10, 2)), CAST(N'2026-04-26' AS Date))\r\n","INSERT [dbo].[Muayeneler] ([MuayeneID], [PetID], [VeterinerID], [Teshis], [MuayeneUcreti], [MuayeneTarihi]) VALUES (3, 3, 3, N'Alerjik Dermatit', CAST(280.00 AS Decimal(10, 2)), CAST(N'2026-04-26' AS Date))\r\n","INSERT [dbo].[Muayeneler] ([MuayeneID], [PetID], [VeterinerID], [Teshis], [MuayeneUcreti], [MuayeneTarihi]) VALUES (4, 4, 4, N'Eklem Ağrısı', CAST(420.00 AS Decimal(10, 2)), CAST(N'2026-04-26' AS Date))\r\n","INSERT [dbo].[Muayeneler] ([MuayeneID], [PetID], [VeterinerID], [Teshis], [MuayeneUcreti], [MuayeneTarihi]) VALUES (8, 3, 3, NULL, CAST(0.00 AS Decimal(10, 2)), CAST(N'2026-05-03' AS Date))\r\n","SET IDENTITY_INSERT [dbo].[Muayeneler] OFF\r\n","GO\r\n"],"metadata":{"urn":"Server[@Name='ultramegapc\\SQLEXPRESS']/Database[@Name='VetKlinikDB']/Table[@Name='Muayeneler' and @Schema='dbo']","object_type":"Table"}},{"cell_type":"markdown","source":["# [dbo].[Musteriler]"],"metadata":{"urn":"Server[@Name='ultramegapc\\SQLEXPRESS']/Database[@Name='VetKlinikDB']/Table[@Name='Musteriler' and @Schema='dbo']","object_type":"Table"}},{"outputs":[],"execution_count":0,"cell_type":"code","source":["SET IDENTITY_INSERT [dbo].[Musteriler] ON \r\n","INSERT [dbo].[Musteriler] ([MusteriID], [Ad], [Soyad], [Telefon], [Email], [Adres], [KayitTarihi]) VALUES (1, N'İkra', N'Ceylan', N'0500', N'ikra@mail.com', NULL, CAST(N'2026-04-26T18:04:16.897' AS DateTime))\r\n","INSERT [dbo].[Musteriler] ([MusteriID], [Ad], [Soyad], [Telefon], [Email], [Adres], [KayitTarihi]) VALUES (2, N'Hasan', N'Yılmaz', N'0532', N'hasan@mail.com', NULL, CAST(N'2026-04-26T18:04:16.897' AS DateTime))\r\n","INSERT [dbo].[Musteriler] ([MusteriID], [Ad], [Soyad], [Telefon], [Email], [Adres], [KayitTarihi]) VALUES (3, N'Elif', N'Demir', N'05321234567', N'elfdemr@gmail.com', N'atakum,samsun', CAST(N'2026-04-26T20:18:46.750' AS DateTime))\r\n","INSERT [dbo].[Musteriler] ([MusteriID], [Ad], [Soyad], [Telefon], [Email], [Adres], [KayitTarihi]) VALUES (4, N'Ayşe', N'Kara', N'05301112233', N'ayse@mail.com', N'Üsküdar, İstanbul', CAST(N'2026-04-26T20:42:46.330' AS DateTime))\r\n","INSERT [dbo].[Musteriler] ([MusteriID], [Ad], [Soyad], [Telefon], [Email], [Adres], [KayitTarihi]) VALUES (5, N'Mehmet', N'Çelik', N'05422223344', N'mehmet@mail.com', N'Bornova, İzmir', CAST(N'2026-04-26T20:42:46.330' AS DateTime))\r\n","INSERT [dbo].[Musteriler] ([MusteriID], [Ad], [Soyad], [Telefon], [Email], [Adres], [KayitTarihi]) VALUES (6, N'Fatma', N'Şahin', N'05533334455', N'fatma@mail.com', N'Çankaya, Ankara', CAST(N'2026-04-26T20:42:46.330' AS DateTime))\r\n","INSERT [dbo].[Musteriler] ([MusteriID], [Ad], [Soyad], [Telefon], [Email], [Adres], [KayitTarihi]) VALUES (7, N'Emre', N'Aydın', N'05064445566', N'emre@mail.com', N'Nilüfer, Bursa', CAST(N'2026-04-26T20:42:46.330' AS DateTime))\r\n","SET IDENTITY_INSERT [dbo].[Musteriler] OFF\r\n","GO\r\n"],"metadata":{"urn":"Server[@Name='ultramegapc\\SQLEXPRESS']/Database[@Name='VetKlinikDB']/Table[@Name='Musteriler' and @Schema='dbo']","object_type":"Table"}},{"cell_type":"markdown","source":["# [dbo].[Petler]"],"metadata":{"urn":"Server[@Name='ultramegapc\\SQLEXPRESS']/Database[@Name='VetKlinikDB']/Table[@Name='Petler' and @Schema='dbo']","object_type":"Table"}},{"outputs":[],"execution_count":0,"cell_type":"code","source":["SET IDENTITY_INSERT [dbo].[Petler] ON \r\n","INSERT [dbo].[Petler] ([PetID], [MusteriID], [Ad], [Tur], [Cins], [Kilo]) VALUES (1, 1, N'Pamuk', N'Kedi', NULL, NULL)\r\n","INSERT [dbo].[Petler] ([PetID], [MusteriID], [Ad], [Tur], [Cins], [Kilo]) VALUES (3, 3, N'Pablo', N'Köpek', N'Labrador', CAST(4.50 AS Decimal(5, 2)))\r\n","INSERT [dbo].[Petler] ([PetID], [MusteriID], [Ad], [Tur], [Cins], [Kilo]) VALUES (4, 1, N'Boncuk', N'Kedi', N'Van Kedisi', CAST(3.80 AS Decimal(5, 2)))\r\n","INSERT [dbo].[Petler] ([PetID], [MusteriID], [Ad], [Tur], [Cins], [Kilo]) VALUES (6, 3, N'Minnoş', N'Kedi', N'British Shorthair', CAST(4.50 AS Decimal(5, 2)))\r\n","INSERT [dbo].[Petler] ([PetID], [MusteriID], [Ad], [Tur], [Cins], [Kilo]) VALUES (8, 5, N'Sarı', N'Kuş', N'Kanarya', CAST(0.05 AS Decimal(5, 2)))\r\n","INSERT [dbo].[Petler] ([PetID], [MusteriID], [Ad], [Tur], [Cins], [Kilo]) VALUES (10, 3, N'Lola', N'Köpek', NULL, CAST(4.00 AS Decimal(5, 2)))\r\n","INSERT [dbo].[Petler] ([PetID], [MusteriID], [Ad], [Tur], [Cins], [Kilo]) VALUES (12, 2, N'kedick', N'Kedi', NULL, NULL)\r\n","INSERT [dbo].[Petler] ([PetID], [MusteriID], [Ad], [Tur], [Cins], [Kilo]) VALUES (15, 3, N'nemo', N'Kemirgen', NULL, NULL)\r\n","SET IDENTITY_INSERT [dbo].[Petler] OFF\r\n","GO\r\n"],"metadata":{"urn":"Server[@Name='ultramegapc\\SQLEXPRESS']/Database[@Name='VetKlinikDB']/Table[@Name='Petler' and @Schema='dbo']","object_type":"Table"}},{"cell_type":"markdown","source":["# [dbo].[Randevular]"],"metadata":{"urn":"Server[@Name='ultramegapc\\SQLEXPRESS']/Database[@Name='VetKlinikDB']/Table[@Name='Randevular' and @Schema='dbo']","object_type":"Table"}},{"outputs":[],"execution_count":0,"cell_type":"code","source":["SET IDENTITY_INSERT [dbo].[Randevular] ON \r\n","INSERT [dbo].[Randevular] ([RandevuID], [PetID], [VeterinerID], [RandevuTarihi], [Durum]) VALUES (1, 1, 1, CAST(N'2026-04-26T18:04:16.900' AS DateTime), N'Iptal')\r\n","INSERT [dbo].[Randevular] ([RandevuID], [PetID], [VeterinerID], [RandevuTarihi], [Durum]) VALUES (3, 1, 1, CAST(N'2026-04-28T09:00:00.000' AS DateTime), N'Iptal')\r\n","INSERT [dbo].[Randevular] ([RandevuID], [PetID], [VeterinerID], [RandevuTarihi], [Durum]) VALUES (5, 3, 3, CAST(N'2026-04-28T13:00:00.000' AS DateTime), N'Tamamlandi')\r\n","INSERT [dbo].[Randevular] ([RandevuID], [PetID], [VeterinerID], [RandevuTarihi], [Durum]) VALUES (6, 4, 4, CAST(N'2026-04-29T11:00:00.000' AS DateTime), N'Tamamlandi')\r\n","INSERT [dbo].[Randevular] ([RandevuID], [PetID], [VeterinerID], [RandevuTarihi], [Durum]) VALUES (9, 1, 1, CAST(N'2026-05-01T09:48:00.000' AS DateTime), N'Iptal')\r\n","INSERT [dbo].[Randevular] ([RandevuID], [PetID], [VeterinerID], [RandevuTarihi], [Durum]) VALUES (11, 3, 3, CAST(N'2026-05-08T09:48:00.000' AS DateTime), N'Bekliyor')\r\n","INSERT [dbo].[Randevular] ([RandevuID], [PetID], [VeterinerID], [RandevuTarihi], [Durum]) VALUES (12, 3, 3, CAST(N'2026-05-06T11:01:00.000' AS DateTime), N'Iptal')\r\n","INSERT [dbo].[Randevular] ([RandevuID], [PetID], [VeterinerID], [RandevuTarihi], [Durum]) VALUES (13, 3, 4, CAST(N'2026-05-13T11:01:00.000' AS DateTime), N'Bekliyor')\r\n","INSERT [dbo].[Randevular] ([RandevuID], [PetID], [VeterinerID], [RandevuTarihi], [Durum]) VALUES (14, 1, 1, CAST(N'2026-04-30T08:30:00.000' AS DateTime), N'Iptal')\r\n","INSERT [dbo].[Randevular] ([RandevuID], [PetID], [VeterinerID], [RandevuTarihi], [Durum]) VALUES (15, 4, 5, CAST(N'2026-06-06T10:18:00.000' AS DateTime), N'Bekliyor')\r\n","SET IDENTITY_INSERT [dbo].[Randevular] OFF\r\n","GO\r\n"],"metadata":{"urn":"Server[@Name='ultramegapc\\SQLEXPRESS']/Database[@Name='VetKlinikDB']/Table[@Name='Randevular' and @Schema='dbo']","object_type":"Table"}},{"cell_type":"markdown","source":["# [dbo].[Veterinerler]"],"metadata":{"urn":"Server[@Name='ultramegapc\\SQLEXPRESS']/Database[@Name='VetKlinikDB']/Table[@Name='Veterinerler' and @Schema='dbo']","object_type":"Table"}},{"outputs":[],"execution_count":0,"cell_type":"code","source":["SET IDENTITY_INSERT [dbo].[Veterinerler] ON \r\n","INSERT [dbo].[Veterinerler] ([VeterinerID], [Ad], [Soyad], [Uzmanlik], [Telefon]) VALUES (1, N'Murat', N'Demir', N'Cerrahi', N'02165551122')\r\n","INSERT [dbo].[Veterinerler] ([VeterinerID], [Ad], [Soyad], [Uzmanlik], [Telefon]) VALUES (2, N'Ahmet', N'Yıldız', N'Genel Pratisyen', N'02121112233')\r\n","INSERT [dbo].[Veterinerler] ([VeterinerID], [Ad], [Soyad], [Uzmanlik], [Telefon]) VALUES (3, N'Selin', N'Arslan', N'Cerrahi', N'02122223344')\r\n","INSERT [dbo].[Veterinerler] ([VeterinerID], [Ad], [Soyad], [Uzmanlik], [Telefon]) VALUES (4, N'Burak', N'Demir', N'Dermatoloji', N'02123334455')\r\n","INSERT [dbo].[Veterinerler] ([VeterinerID], [Ad], [Soyad], [Uzmanlik], [Telefon]) VALUES (5, N'Canan', N'Öztürk', N'Ortopedi', N'02124445566')\r\n","INSERT [dbo].[Veterinerler] ([VeterinerID], [Ad], [Soyad], [Uzmanlik], [Telefon]) VALUES (6, N'Murat', N'Güneş', N'Nöroloji', N'02125556677')\r\n","SET IDENTITY_INSERT [dbo].[Veterinerler] OFF\r\n","GO\r\n"],"metadata":{"urn":"Server[@Name='ultramegapc\\SQLEXPRESS']/Database[@Name='VetKlinikDB']/Table[@Name='Veterinerler' and @Schema='dbo']","object_type":"Table"}},{"cell_type":"markdown","source":["# [DF__Ilaclar__StokMik__52593CB8]"],"metadata":{"urn":"Server[@Name='ultramegapc\\SQLEXPRESS']/Database[@Name='VetKlinikDB']/Table[@Name='Ilaclar' and @Schema='dbo']/Column[@Name='StokMiktari']/Default[@Name='DF__Ilaclar__StokMik__52593CB8']","object_type":"Default"}},{"outputs":[],"execution_count":0,"cell_type":"code","source":["ALTER TABLE [dbo].[Ilaclar] ADD  DEFAULT ((0)) FOR [StokMiktari]\r\n","GO\r\n"],"metadata":{"urn":"Server[@Name='ultramegapc\\SQLEXPRESS']/Database[@Name='VetKlinikDB']/Table[@Name='Ilaclar' and @Schema='dbo']/Column[@Name='StokMiktari']/Default[@Name='DF__Ilaclar__StokMik__52593CB8']","object_type":"Default"}},{"cell_type":"markdown","source":["# [DF__Ilaclar__Minimum__534D60F1]"],"metadata":{"urn":"Server[@Name='ultramegapc\\SQLEXPRESS']/Database[@Name='VetKlinikDB']/Table[@Name='Ilaclar' and @Schema='dbo']/Column[@Name='MinimumStokEsigi']/Default[@Name='DF__Ilaclar__Minimum__534D60F1']","object_type":"Default"}},{"outputs":[],"execution_count":0,"cell_type":"code","source":["ALTER TABLE [dbo].[Ilaclar] ADD  DEFAULT ((10)) FOR [MinimumStokEsigi]\r\n","GO\r\n"],"metadata":{"urn":"Server[@Name='ultramegapc\\SQLEXPRESS']/Database[@Name='VetKlinikDB']/Table[@Name='Ilaclar' and @Schema='dbo']/Column[@Name='MinimumStokEsigi']/Default[@Name='DF__Ilaclar__Minimum__534D60F1']","object_type":"Default"}},{"cell_type":"markdown","source":["# [DF__Muayenele__Muaye__5BE2A6F2]"],"metadata":{"urn":"Server[@Name='ultramegapc\\SQLEXPRESS']/Database[@Name='VetKlinikDB']/Table[@Name='Muayeneler' and @Schema='dbo']/Column[@Name='MuayeneUcreti']/Default[@Name='DF__Muayenele__Muaye__5BE2A6F2']","object_type":"Default"}},{"outputs":[],"execution_count":0,"cell_type":"code","source":["ALTER TABLE [dbo].[Muayeneler] ADD  DEFAULT ((0)) FOR [MuayeneUcreti]\r\n","GO\r\n"],"metadata":{"urn":"Server[@Name='ultramegapc\\SQLEXPRESS']/Database[@Name='VetKlinikDB']/Table[@Name='Muayeneler' and @Schema='dbo']/Column[@Name='MuayeneUcreti']/Default[@Name='DF__Muayenele__Muaye__5BE2A6F2']","object_type":"Default"}},{"cell_type":"markdown","source":["# [DF__Muayenele__Muaye__5CD6CB2B]"],"metadata":{"urn":"Server[@Name='ultramegapc\\SQLEXPRESS']/Database[@Name='VetKlinikDB']/Table[@Name='Muayeneler' and @Schema='dbo']/Column[@Name='MuayeneTarihi']/Default[@Name='DF__Muayenele__Muaye__5CD6CB2B']","object_type":"Default"}},{"outputs":[],"execution_count":0,"cell_type":"code","source":["ALTER TABLE [dbo].[Muayeneler] ADD  DEFAULT (getdate()) FOR [MuayeneTarihi]\r\n","GO\r\n"],"metadata":{"urn":"Server[@Name='ultramegapc\\SQLEXPRESS']/Database[@Name='VetKlinikDB']/Table[@Name='Muayeneler' and @Schema='dbo']/Column[@Name='MuayeneTarihi']/Default[@Name='DF__Muayenele__Muaye__5CD6CB2B']","object_type":"Default"}},{"cell_type":"markdown","source":["# [DF__Musterile__Kayit__4AB81AF0]"],"metadata":{"urn":"Server[@Name='ultramegapc\\SQLEXPRESS']/Database[@Name='VetKlinikDB']/Table[@Name='Musteriler' and @Schema='dbo']/Column[@Name='KayitTarihi']/Default[@Name='DF__Musterile__Kayit__4AB81AF0']","object_type":"Default"}},{"outputs":[],"execution_count":0,"cell_type":"code","source":["ALTER TABLE [dbo].[Musteriler] ADD  DEFAULT (getdate()) FOR [KayitTarihi]\r\n","GO\r\n"],"metadata":{"urn":"Server[@Name='ultramegapc\\SQLEXPRESS']/Database[@Name='VetKlinikDB']/Table[@Name='Musteriler' and @Schema='dbo']/Column[@Name='KayitTarihi']/Default[@Name='DF__Musterile__Kayit__4AB81AF0']","object_type":"Default"}},{"cell_type":"markdown","source":["# [DF__Randevula__Rande__5629CD9C]"],"metadata":{"urn":"Server[@Name='ultramegapc\\SQLEXPRESS']/Database[@Name='VetKlinikDB']/Table[@Name='Randevular' and @Schema='dbo']/Column[@Name='RandevuTarihi']/Default[@Name='DF__Randevula__Rande__5629CD9C']","object_type":"Default"}},{"outputs":[],"execution_count":0,"cell_type":"code","source":["ALTER TABLE [dbo].[Randevular] ADD  DEFAULT (getdate()) FOR [RandevuTarihi]\r\n","GO\r\n"],"metadata":{"urn":"Server[@Name='ultramegapc\\SQLEXPRESS']/Database[@Name='VetKlinikDB']/Table[@Name='Randevular' and @Schema='dbo']/Column[@Name='RandevuTarihi']/Default[@Name='DF__Randevula__Rande__5629CD9C']","object_type":"Default"}},{"cell_type":"markdown","source":["# [DF__Randevula__Durum__571DF1D5]"],"metadata":{"urn":"Server[@Name='ultramegapc\\SQLEXPRESS']/Database[@Name='VetKlinikDB']/Table[@Name='Randevular' and @Schema='dbo']/Column[@Name='Durum']/Default[@Name='DF__Randevula__Durum__571DF1D5']","object_type":"Default"}},{"outputs":[],"execution_count":0,"cell_type":"code","source":["ALTER TABLE [dbo].[Randevular] ADD  DEFAULT ('Bekliyor') FOR [Durum]\r\n","GO\r\n"],"metadata":{"urn":"Server[@Name='ultramegapc\\SQLEXPRESS']/Database[@Name='VetKlinikDB']/Table[@Name='Randevular' and @Schema='dbo']/Column[@Name='Durum']/Default[@Name='DF__Randevula__Durum__571DF1D5']","object_type":"Default"}},{"cell_type":"markdown","source":["# [FK_M_Pet]"],"metadata":{"urn":"Server[@Name='ultramegapc\\SQLEXPRESS']/Database[@Name='VetKlinikDB']/Table[@Name='Muayeneler' and @Schema='dbo']/ForeignKey[@Name='FK_M_Pet']","object_type":"ForeignKey"}},{"outputs":[],"execution_count":0,"cell_type":"code","source":["ALTER TABLE [dbo].[Muayeneler]  WITH CHECK ADD  CONSTRAINT [FK_M_Pet] FOREIGN KEY([PetID])\r\nREFERENCES [dbo].[Petler] ([PetID])\r\n","GO\r\n","ALTER TABLE [dbo].[Muayeneler] CHECK CONSTRAINT [FK_M_Pet]\r\n","GO\r\n"],"metadata":{"urn":"Server[@Name='ultramegapc\\SQLEXPRESS']/Database[@Name='VetKlinikDB']/Table[@Name='Muayeneler' and @Schema='dbo']/ForeignKey[@Name='FK_M_Pet']","object_type":"ForeignKey"}},{"cell_type":"markdown","source":["# [FK_M_Vet]"],"metadata":{"urn":"Server[@Name='ultramegapc\\SQLEXPRESS']/Database[@Name='VetKlinikDB']/Table[@Name='Muayeneler' and @Schema='dbo']/ForeignKey[@Name='FK_M_Vet']","object_type":"ForeignKey"}},{"outputs":[],"execution_count":0,"cell_type":"code","source":["ALTER TABLE [dbo].[Muayeneler]  WITH CHECK ADD  CONSTRAINT [FK_M_Vet] FOREIGN KEY([VeterinerID])\r\nREFERENCES [dbo].[Veterinerler] ([VeterinerID])\r\n","GO\r\n","ALTER TABLE [dbo].[Muayeneler] CHECK CONSTRAINT [FK_M_Vet]\r\n","GO\r\n"],"metadata":{"urn":"Server[@Name='ultramegapc\\SQLEXPRESS']/Database[@Name='VetKlinikDB']/Table[@Name='Muayeneler' and @Schema='dbo']/ForeignKey[@Name='FK_M_Vet']","object_type":"ForeignKey"}},{"cell_type":"markdown","source":["# [FK_Pet_Musteri]"],"metadata":{"urn":"Server[@Name='ultramegapc\\SQLEXPRESS']/Database[@Name='VetKlinikDB']/Table[@Name='Petler' and @Schema='dbo']/ForeignKey[@Name='FK_Pet_Musteri']","object_type":"ForeignKey"}},{"outputs":[],"execution_count":0,"cell_type":"code","source":["ALTER TABLE [dbo].[Petler]  WITH CHECK ADD  CONSTRAINT [FK_Pet_Musteri] FOREIGN KEY([MusteriID])\r\nREFERENCES [dbo].[Musteriler] ([MusteriID])\r\nON DELETE CASCADE\r\n","GO\r\n","ALTER TABLE [dbo].[Petler] CHECK CONSTRAINT [FK_Pet_Musteri]\r\n","GO\r\n"],"metadata":{"urn":"Server[@Name='ultramegapc\\SQLEXPRESS']/Database[@Name='VetKlinikDB']/Table[@Name='Petler' and @Schema='dbo']/ForeignKey[@Name='FK_Pet_Musteri']","object_type":"ForeignKey"}},{"cell_type":"markdown","source":["# [FK_R_Pet]"],"metadata":{"urn":"Server[@Name='ultramegapc\\SQLEXPRESS']/Database[@Name='VetKlinikDB']/Table[@Name='Randevular' and @Schema='dbo']/ForeignKey[@Name='FK_R_Pet']","object_type":"ForeignKey"}},{"outputs":[],"execution_count":0,"cell_type":"code","source":["ALTER TABLE [dbo].[Randevular]  WITH CHECK ADD  CONSTRAINT [FK_R_Pet] FOREIGN KEY([PetID])\r\nREFERENCES [dbo].[Petler] ([PetID])\r\n","GO\r\n","ALTER TABLE [dbo].[Randevular] CHECK CONSTRAINT [FK_R_Pet]\r\n","GO\r\n"],"metadata":{"urn":"Server[@Name='ultramegapc\\SQLEXPRESS']/Database[@Name='VetKlinikDB']/Table[@Name='Randevular' and @Schema='dbo']/ForeignKey[@Name='FK_R_Pet']","object_type":"ForeignKey"}},{"cell_type":"markdown","source":["# [FK_R_Vet]"],"metadata":{"urn":"Server[@Name='ultramegapc\\SQLEXPRESS']/Database[@Name='VetKlinikDB']/Table[@Name='Randevular' and @Schema='dbo']/ForeignKey[@Name='FK_R_Vet']","object_type":"ForeignKey"}},{"outputs":[],"execution_count":0,"cell_type":"code","source":["ALTER TABLE [dbo].[Randevular]  WITH CHECK ADD  CONSTRAINT [FK_R_Vet] FOREIGN KEY([VeterinerID])\r\nREFERENCES [dbo].[Veterinerler] ([VeterinerID])\r\n","GO\r\n","ALTER TABLE [dbo].[Randevular] CHECK CONSTRAINT [FK_R_Vet]\r\n","GO\r\n"],"metadata":{"urn":"Server[@Name='ultramegapc\\SQLEXPRESS']/Database[@Name='VetKlinikDB']/Table[@Name='Randevular' and @Schema='dbo']/ForeignKey[@Name='FK_R_Vet']","object_type":"ForeignKey"}}]}